Vancouver,Toronto,Match
ADULT ENTERTAINMENT CLUB,Adult Entertainment Store,Yes
ADULT ENTERTAINMENT CLUB,Entertainment Services Children's Entertainment,No
ADULT ENTERTAINMENT CLUB,Entertainment Services 1-900 Service,No
ADULT ENTERTAINMENT CLUB,Theatre Adult,Yes
ADULT ENTERTAINMENT CLUB,Entertainment Services Other,Yes
ADULT ENTERTAINMENT CLUB,Entertainment Services,Yes
ADULT ENTERTAINMENT CLUB,Entertainment Centre,Yes
ADULT ENTERTAINMENT CLUB,Entertainment Services Football Handicaps *Historic*,No
ADULT ENTERTAINMENT CLUB,Club,Yes
ADULT ENTERTAINMENT CLUB,Club Lounge *Historic*,Yes
ADULT ENTERTAINMENT CLUB,Entertainment Services Event Coordinator,No
ADULT ENTERTAINMENT CLUB,Entertainment Services Face Painting,No
ADULT ENTERTAINMENT CLUB,Lounge 'A' *Historic* Social Club/Recreation,Yes
ADULT ENTERTAINMENT CLUB,Entertainment Services Radio Station,Yes
ADULT ENTERTAINMENT CLUB,Entertainment Services Producer,Yes
ADULT ENTERTAINMENT CLUB,Club Manager *Historic*,No
ADULT ENTERTAINMENT CLUB,Entertainment Services TV Station,No
ADULT ENTERTAINMENT CLUB,Entertainment Services Aquarium,No
ADULT ENTERTAINMENT CLUB,Retail Dealer Adult Video Rental,No
ADULT ENTERTAINMENT CLUB,Entertainment Services Recording/Duplication,No
ADULT ENTERTAINMENT CLUB,Entertainment Services Song Writer,No
ADULT ENTERTAINMENT CLUB,Entertainment Services Dance/Event Promoter,No
ADULT ENTERTAINMENT CLUB,Specialized Services Retail - Compassion Club,No
ADULT ENTERTAINMENT CLUB,Entertainment Services Cartoon/Animation,No
ADULT ENTERTAINMENT CLUB,Rentals Adult Video Rental,No
ADULT ENTERTAINMENT CLUB,Entertainment Services Actor/Stunt Person,No
ADULT ENTERTAINMENT CLUB,Entertainment Services Laser Tag,No
ADULT ENTERTAINMENT CLUB,Entertainment Services Composer,No
ADULT ENTERTAINMENT CLUB,Homecraft,No
ADULT ENTERTAINMENT CLUB,Homecraft Other,No
ADULT ENTERTAINMENT CLUB,Entertainment Services Curling Rink,No
ADULT ENTERTAINMENT CLUB,Entertainment Services Hypnotist,No
ADULT ENTERTAINMENT CLUB,Entertainment Services Press/Media/Reporter,No
ADULT ENTERTAINMENT CLUB,Entertainment Services Writer/Editor,No
ADULT ENTERTAINMENT CLUB,Entertainment Services Disc Jockey,Yes
ADULT ENTERTAINMENT CLUB,Homecraft Candlemaking *Historic*,No
ADULT ENTERTAINMENT CLUB,Liquor Establishment Extended Class 7 (Private Club),No
ADULT ENTERTAINMENT CLUB,Liquor Establishment Standard Class 7 (Private Club),No
ADULT ENTERTAINMENT CLUB,Family Sports & Entertain Ctr,No
ADULT ENTERTAINMENT CLUB,Business Services,No
ADULT ENTERTAINMENT CLUB,School (Private) Business School,No
ADVERTISING,Office Advertising Agent,Yes
ADVERTISING,Vending Machines Advertising Agent,No
ADVERTISING,Business Services,No
AUCTIONEER,Auctioneer,Yes
AUTO SERVICE STATION,Gasoline Station Marine Station,Yes
AUTO SERVICE STATION,Auto Detailing,Yes
AUTO SERVICE STATION,Auto Wholesaler,No
AUTO SERVICE STATION,Auto Repairs,Yes
AUTO SERVICE STATION,Auto Dealer,No
AUTO SERVICE STATION,Auto Dealer Other,No
AUTO SERVICE STATION,Auto Washer,Yes
AUTO SERVICE STATION,Auto Wrecker,Yes
AUTO SERVICE STATION,Gasoline Station Full-Serve Station,Yes
AUTO SERVICE STATION,Gasoline Station Self-Serve Station,Yes
AUTO SERVICE STATION,Gasoline Station Card Lock Station,Yes
AUTO SERVICE STATION,Gasoline Station Split-Island Station,Yes
AUTO SERVICE STATION,Gas Station - Marine *Historic*,Yes
AUTO SERVICE STATION,Entertainment Services Radio Station,No
AUTO SERVICE STATION,Conventional Gas Station *Historic*,Yes
AUTO SERVICE STATION,Entertainment Services TV Station,No
AUTO SERVICE STATION,Gas Station - Propane *Historic*,No
AUTO SERVICE STATION,Self-serve Station *Historic*,No
AUTO SERVICE STATION,Card Lock Station *Historic*,No
AUTO SERVICE STATION,Split-island Station *Historic*,No
AUTO SERVICE STATION,Auto Painter & Body Shop,Yes
AUTO SERVICE STATION,Auto Parking Lot/Parkade,No
BATH HOUSE,Steam Bath,Yes
BATH HOUSE,Apartment House,No
BATH HOUSE,Public House *Historic*,No
BATH HOUSE,Rooming House,No
BATH HOUSE,Apartment House Strata,No
BATH HOUSE,Apartment House-99 Year Lease,No
BATH HOUSE,Apartment House Retirement Residence,No
BATH HOUSE,Homecraft,No
BATH HOUSE,Homecraft Other,No
BATH HOUSE,Homecraft Candlemaking *Historic*,No
BATH HOUSE,One-Family Dwelling,No
BATH HOUSE,Contractor Building,No
BILLIARD HALL,Dance Hall,Yes
BILLIARD HALL,Bingo Hall,No
BILLIARD HALL,Assembly Hall,No
BILLIARD HALL,Billiard Room Keeper,No
BILLIARD HALL,Venue Concert Hall,No
BILLIARD HALL,Stadium/Concert Hall *Historic*,No
BODY RUB PARLOUR,Body Rub Parlour *Historic*,Yes
BODY RUB PARLOUR,Beauty Services Body Wrap *Historic*,Yes
BODY RUB PARLOUR,Tattoo Parlour Body Piercing *Historic*,No
BODY RUB PARLOUR,Personal Services Body Guard/Protection,No
BODY RUB PARLOUR,Auto Painter & Body Shop,No
BODY RUB PARLOUR,Homecraft,No
BODY RUB PARLOUR,Homecraft Other,No
BOULEVARD MARKETING,Telecommunications Marketing,Yes
BOWLING HOUSE,Bowling Alley,Yes
BOWLING HOUSE,Public House *Historic*,No
BOWLING HOUSE,Rooming House,No
BOWLING HOUSE,Apartment House,No
BOWLING HOUSE,Apartment House-99 Year Lease,No
BOWLING HOUSE,Apartment House Strata,No
BOWLING HOUSE,Apartment House Retirement Residence,No
BOWLING HOUSE,Homecraft,No
BOWLING HOUSE,Homecraft Other,No
BUILDING CLEANER,Window Cleaner,Yes
BUILDING CLEANER,Dry Cleaner,No
BUILDING CLEANER,Contractor Building,Yes
BUILDING CLEANER,Retail Dealer Residential Building,No
BUILDING CLEANER,Carpet/Upholstery Cleaner,Yes
BUILDING CLEANER,Roofer Commercial Building,No
BUILDING CLEANER,Roofer Residential Building,No
BUILDING CLEANER,Contractor - Special Trades Building,No
BUILDING CLEANER,Contractor - Special Trades Residential Building,Yes
BUILDING CLEANER,Homecraft,No
BUILDING CLEANER,Homecraft Other,No
BUILDING CLEANER,Homecraft Candlemaking *Historic*,No
BUILDING CLEANER,Public House *Historic*,No
BUILDING CLEANER,Personal Services Cleaning Service,No
BUILDING RENOVATOR,Contractor Building,Yes
BUILDING RENOVATOR,Roofer Residential Building,No
BUILDING RENOVATOR,Roofer Commercial Building,Yes
BUILDING RENOVATOR,Retail Dealer Residential Building,No
BUILDING RENOVATOR,Contractor - Special Trades Building,Yes
BUILDING RENOVATOR,Contractor - Special Trades Residential Building,Yes
BUILDING RENOVATOR,Homecraft,No
BUILDING RENOVATOR,Homecraft Other,No
CARNIVAL,Homecraft,No
CARNIVAL,Homecraft Other,No
CARNIVAL,Homecraft Candlemaking *Historic*,No
CHIMNEY REPAIRMAN,Chimney Sweep,Yes
CIRCUS,Homecraft,No
CIRCUS,Homecraft Other,No
CIRCUS,Exhibitions/Shows/Concerts Circus/Rodeo,Yes
CLOTHING DROP BOX LOCATION PERMIT,Sign Permit *Historic*,Yes
CLOTHING DROP BOX LOCATION PERMIT,Warehouse Operator Clothing/Shoes,Yes
CLOTHING DROP BOX LOCATION PERMIT,Ltd Service Food Establishment Clothing/Shoes,No
CLOTHING DROP BOX LOCATION PERMIT,Homecraft,No
CLOTHING DROP BOX LOCATION PERMIT,Homecraft Other,No
CLOTHING DROP BOX LOCATION PERMIT,Retail Dealer Clothing/Shoes,No
CLOTHING DROP BOX LOCATION PERMIT,Wholesale Dealer Clothing/Shoes,No
CLOTHING DROP BOX LOCATION PERMIT,Beauty Services Clothing/Shoes,Yes
CLOTHING DROP BOX LOCATION PERMIT,Homecraft Candlemaking *Historic*,No
CLOTHING DROP BOX OPERATOR,Warehouse Operator Clothing/Shoes,Yes
CLOTHING DROP BOX OPERATOR,Warehouse Operator - Food,No
CLOTHING DROP BOX OPERATOR,Public Market Operator-Annual,No
CLOTHING DROP BOX OPERATOR,Warehouse Operator - Food Broker,No
CLOTHING DROP BOX OPERATOR,Equipment Operator,No
CLOTHING DROP BOX OPERATOR,Warehouse Operator,No
CLOTHING DROP BOX OPERATOR,Retail Dealer Clothing/Shoes,No
CLOTHING DROP BOX OPERATOR,Wholesale Dealer Clothing/Shoes,No
CLOTHING DROP BOX OPERATOR,Ltd Service Food Establishment Clothing/Shoes,No
CLOTHING DROP BOX OPERATOR,Beauty Services Clothing/Shoes,No
CLOTHING DROP BOX OPERATOR,Office Tour Operator/Guide,No
CLOTHING DROP BOX OPERATOR,Homecraft,No
CLOTHING DROP BOX OPERATOR,Homecraft Other,No
CLOTHING DROP BOX OPERATOR,Marina Operator,No
CLOTHING DROP BOX OPERATOR,Seamstress/Tailor Clothing/Shoes,No
CLOTHING DROP BOX OPERATOR,Homecraft Candlemaking *Historic*,No
COLLECTOR OF SECOND HAND GOODS,Moving/Transfer Service Goods,No
COLLECTOR OF SECOND HAND GOODS,Homecraft,No
COLLECTOR OF SECOND HAND GOODS,Homecraft Other,No
COLLECTOR OF SECOND HAND GOODS,Homecraft Candlemaking *Historic*,No
COLLECTOR OF SECOND HAND GOODS,Health Services First Aid Service,No
COMMERCIAL PARKING LOT,Auto Parking Lot/Parkade,Yes
COMMERCIAL PARKING LOT,Backyard Pay Parking,Yes
COMMERCIAL PARKING LOT,Residential/Commercial,No
COMMERCIAL PARKING LOT,Roofer Commercial Building,No
COMMERCIAL PARKING LOT,Office Valet Parking Service,Yes
COMMERCIAL PARKING LOT,Christmas Tree Lot,No
COMMERCIAL PARKING LOT,Homecraft,No
COMMERCIAL PARKING LOT,Homecraft Other,No
COMMERCIAL PARKING LOT,Business Services,No
COMMERCIAL PARKING LOT,Contractor Building,No
CURBLANE VENDING,Vending Machines,Yes
CURBLANE VENDING,Vending Machines Other,Yes
CURBLANE VENDING,Vending Machines Newspaper,Yes
CURBLANE VENDING,Vending Machines Bank Machine,Yes
CURBLANE VENDING,Vending Machines Advertising Agent,No
DRAIN CONTRACTOR,Homecraft,No
DRAIN CONTRACTOR,Homecraft Other,No
DRIVE-SELF RENTAL OWNER,Rentals Computer Time Rental,No
DRIVE-SELF RENTAL OWNER,Retail Dealer Adult Video Rental,No
DRIVE-SELF RENTAL OWNER,Retail Dealer Video Rental,No
DRIVE-SELF RENTAL OWNER,Retail Dealer - Food Video Rental,No
DRIVE-SELF RENTAL OWNER,Rentals Adult Video Rental,No
DRIVE-SELF RENTAL OWNER,Retail Dealer Equipment Rental,No
DRIVE-SELF RENTAL OWNER,Self-serve Station *Historic*,No
DRIVE-SELF RENTAL OWNER,Retail Dealer - Food Computer Time Rental,Yes
DRIVE-SELF RENTAL OWNER,One-Family Dwelling Primary (1 Rental),No
DRIVE-SELF RENTAL OWNER,Rentals Video Rental,No
DRIVE-SELF RENTAL OWNER,Rentals Party Supplies Rental,Yes
DRIVE-SELF RENTAL OWNER,Postal Rental Agency Duplicating,No
DRIVE-SELF RENTAL OWNER,Rentals Equipment Rental,Yes
DRIVE-SELF RENTAL OWNER,Postal Rental Agency,No
DRIVE-SELF RENTAL OWNER,Postal Rental Agency Other,No
DRIVE-SELF RENTAL OWNER,One-Family Dwelling Laneway Rental,No
DRIVE-SELF RENTAL OWNER,Homecraft,No
DRIVE-SELF RENTAL OWNER,Homecraft Other,No
DRIVE-SELF RENTAL OWNER,One-Family Dwelling Primary (1 Rental) and Laneway,No
DRIVE-SELF RENTAL OWNER,Gasoline Station Self-Serve Station,No
DRIVE-SELF RENTAL OWNER,Secondary Suite - Permanent Primary (1 Rental),No
DRIVE-SELF RENTAL OWNER,Business Services,No
DRIVE-SELF RENTAL OWNER,Secondary Suite - Permanent Laneway Rental,No
DRIVE-SELF RENTAL OWNER,Homecraft Candlemaking *Historic*,No
DRIVING SCHOOL OPERATOR (B),School (Private) Business School,No
DRIVING SCHOOL OPERATOR (B),Public Market Operator-Annual,No
DRIVING SCHOOL OPERATOR (B),School (Business & Trade) Business School,No
DRIVING SCHOOL OPERATOR (B),School (Private),No
DRIVING SCHOOL OPERATOR (B),School (Business & Trade),No
DRIVING SCHOOL OPERATOR (B),School (Business & Trade) Trade School,No
DRIVING SCHOOL OPERATOR (B),Warehouse Operator - Food,No
DRIVING SCHOOL OPERATOR (B),Equipment Operator,No
DRIVING SCHOOL OPERATOR (B),Office Tour Operator/Guide,No
DRIVING SCHOOL OPERATOR (B),Warehouse Operator - Food Broker,No
DRIVING SCHOOL OPERATOR (B),Warehouse Operator,No
DRIVING SCHOOL OPERATOR (B),Homecraft,No
DRIVING SCHOOL OPERATOR (B),Homecraft Other,No
DRIVING SCHOOL OPERATOR (B),Warehouse Operator Clothing/Shoes,No
DRIVING SCHOOL OPERATOR (B),Agriculture Urban Farm Class B,No
DRIVING SCHOOL OPERATOR (B),Marina Operator,No
DRIVING SCHOOL OPERATOR (B),Homecraft Candlemaking *Historic*,No
DRIVING SCHOOL OPERATOR (V),Public Market Operator-Annual,No
DRIVING SCHOOL OPERATOR (V),School (Business & Trade) Business School,Yes
DRIVING SCHOOL OPERATOR (V),School (Private) Business School,No
DRIVING SCHOOL OPERATOR (V),School (Business & Trade),Yes
DRIVING SCHOOL OPERATOR (V),School (Private),No
DRIVING SCHOOL OPERATOR (V),School (Business & Trade) Trade School,No
DRIVING SCHOOL OPERATOR (V),Warehouse Operator - Food,No
DRIVING SCHOOL OPERATOR (V),Equipment Operator,No
DRIVING SCHOOL OPERATOR (V),Warehouse Operator - Food Broker,No
DRIVING SCHOOL OPERATOR (V),Office Tour Operator/Guide,No
DRIVING SCHOOL OPERATOR (V),Warehouse Operator,No
EATING ESTABLISHMENT,Ltd Service Food Establishment,Yes
EATING ESTABLISHMENT,Ltd Service Food Establishment Other,Yes
EATING ESTABLISHMENT,Ltd Service Food Establishment Produce,No
EATING ESTABLISHMENT,Ltd Service Food Establishment Flowers,Yes
EATING ESTABLISHMENT,Ltd Service Food Establishment Concession Stand,Yes
EATING ESTABLISHMENT,Ltd Service Food Establishment No Liquor Service,No
EATING ESTABLISHMENT,Homecraft,No
EATING ESTABLISHMENT,Homecraft Other,No
EATING ESTABLISHMENT,Ltd Service Food Establishment Convenience Store,Yes
EATING ESTABLISHMENT,Homecraft Candlemaking *Historic*,No
EATING ESTABLISHMENT,Ltd Service Food Establishment Beauty Salon,No
EATING ESTABLISHMENT,Ltd Service Food Establishment Clothing/Shoes,Yes
EATING ESTABLISHMENT,Liquor Establishment Extended Class 7 (Private Club),No
EATING ESTABLISHMENT,Liquor Establishment Standard Class 7 (Private Club),No
EATING ESTABLISHMENT,CNIB Concession - Food,No
EATING ESTABLISHMENT,Liquor Establishment Extended Class 5 501-950 Seats,No
EATING ESTABLISHMENT,Liquor Establishment Extended Class 4 301-500 Seats,No
EATING ESTABLISHMENT,Liquor Establishment Extended Class 6 951 and up Seats,No
EATING ESTABLISHMENT,Liquor Establishment Standard Class 5 501-950 Seats,No
EATING ESTABLISHMENT,Liquor Establishment Standard Class 4 301-500 Seats,No
EATING ESTABLISHMENT,Liquor Establishment Extended Class 2 66-150 Seats,No
EATING ESTABLISHMENT,Liquor Establishment Standard Class 2 66-150 Seats,No
EATING ESTABLISHMENT,Liquor Establishment Extended Class 3 151-300 Seats,No
EATING ESTABLISHMENT,Liquor Establishment Standard Class 3 151-300 Seats,No
EATING ESTABLISHMENT,Office Development Company,No
EATING ESTABLISHMENT,Health Services Denturist,No
EATING ESTABLISHMENT,Contractor Building,No
EATING ESTABLISHMENT,Retail Dealer - Food,No
EATING ESTABLISHMENT,Retail Dealer - Food Other,No
EATING ESTABLISHMENT,Retail Dealer - Food Neighbourhood,No
EATING ESTABLISHMENT,Wholesale Dealer - Food,No
EATING ESTABLISHMENT,Wholesale Dealer - Food Other,No
EATING ESTABLISHMENT,Business Services,No
ENTERTAINMENT ESTABLISHMENT/NIGHTCLUB,Adult Entertainment Store,Yes
ENTERTAINMENT ESTABLISHMENT/NIGHTCLUB,Entertainment Services 1-900 Service,Yes
ENTERTAINMENT ESTABLISHMENT/NIGHTCLUB,Entertainment Services Children's Entertainment,No
ENTERTAINMENT ESTABLISHMENT/NIGHTCLUB,Entertainment Services Radio Station,No
ENTERTAINMENT ESTABLISHMENT/NIGHTCLUB,Entertainment Services Other,Yes
ENTERTAINMENT ESTABLISHMENT/NIGHTCLUB,Entertainment Services,No
ENTERTAINMENT ESTABLISHMENT/NIGHTCLUB,Entertainment Centre,No
ENTERTAINMENT ESTABLISHMENT/NIGHTCLUB,Entertainment Services TV Station,No
ENTERTAINMENT ESTABLISHMENT/NIGHTCLUB,Entertainment Services Event Coordinator,No
ENTERTAINMENT ESTABLISHMENT/NIGHTCLUB,Entertainment Services Face Painting,No
ENTERTAINMENT ESTABLISHMENT/NIGHTCLUB,Ltd Service Food Establishment,No
ENTERTAINMENT ESTABLISHMENT/NIGHTCLUB,Ltd Service Food Establishment Other,No
ENTERTAINMENT ESTABLISHMENT/NIGHTCLUB,Entertainment Services Dance/Event Promoter,Yes
ENTERTAINMENT ESTABLISHMENT/NIGHTCLUB,Entertainment Services Song Writer,Yes
ENTERTAINMENT ESTABLISHMENT/NIGHTCLUB,Entertainment Services Producer,Yes
ENTERTAINMENT ESTABLISHMENT/NIGHTCLUB,Entertainment Services Recording/Duplication,Yes
ENTERTAINMENT ESTABLISHMENT/NIGHTCLUB,Entertainment Services Aquarium,Yes
ENTERTAINMENT ESTABLISHMENT/NIGHTCLUB,Entertainment Services Football Handicaps *Historic*,No
ENTERTAINMENT ESTABLISHMENT/NIGHTCLUB,Entertainment Services Laser Tag,No
ENTERTAINMENT ESTABLISHMENT/NIGHTCLUB,Entertainment Services Press/Media/Reporter,No
ENTERTAINMENT ESTABLISHMENT/NIGHTCLUB,Entertainment Services Actor/Stunt Person,No
ENTERTAINMENT ESTABLISHMENT/NIGHTCLUB,Entertainment Services Cartoon/Animation,No
ENTERTAINMENT ESTABLISHMENT/NIGHTCLUB,Ltd Service Food Establishment No Liquor Service,No
ENTERTAINMENT ESTABLISHMENT/NIGHTCLUB,Entertainment Services Hypnotist,Yes
ENTERTAINMENT ESTABLISHMENT/NIGHTCLUB,Ltd Service Food Establishment Produce,No
ENTERTAINMENT ESTABLISHMENT/NIGHTCLUB,Entertainment Services Writer/Editor,Yes
ENTERTAINMENT ESTABLISHMENT/NIGHTCLUB,Entertainment Services Composer,Yes
ENTERTAINMENT ESTABLISHMENT/NIGHTCLUB,Ltd Service Food Establishment Beauty Salon,No
ENTERTAINMENT ESTABLISHMENT/NIGHTCLUB,Entertainment Services Disc Jockey,Yes
ENTERTAINMENT ESTABLISHMENT/NIGHTCLUB,Ltd Service Food Establishment Convenience Store,No
ENTERTAINMENT ESTABLISHMENT/NIGHTCLUB,Liquor Establishment Standard Class 7 (Private Club),No
ENTERTAINMENT ESTABLISHMENT/NIGHTCLUB,Liquor Establishment Extended Class 7 (Private Club),No
ENTERTAINMENT ESTABLISHMENT/NIGHTCLUB,Entertainment Services Curling Rink,No
ENTERTAINMENT ESTABLISHMENT/NIGHTCLUB,Ltd Service Food Establishment Concession Stand,No
ENTERTAINMENT ESTABLISHMENT/NIGHTCLUB,Homecraft,No
ENTERTAINMENT ESTABLISHMENT/NIGHTCLUB,Homecraft Other,No
ENTERTAINMENT ESTABLISHMENT/NIGHTCLUB,Ltd Service Food Establishment Flowers,No
HAWKER/PEDLAR ON FOOT,Homecraft,No
HAWKER/PEDLAR ON FOOT,Homecraft Other,No
HAWKER/PEDLAR WITH MOTOR VEHICLE,Lounge 'A' *Historic* Motor Vessel,No
HAWKER/PEDLAR WITH MOTOR VEHICLE,Homecraft,No
HAWKER/PEDLAR WITH MOTOR VEHICLE,Homecraft Other,No
HAWKER/PEDLAR WITH MOTOR VEHICLE,Liquor License Application Motor Vessel,No
HAWKER/PEDLAR WITH PUSH CART,Homecraft,No
HAWKER/PEDLAR WITH PUSH CART,Homecraft Other,No
HORSE DRAWN VEHICLE OWNER,Horse Racing,Yes
HORSE DRAWN VEHICLE OWNER,Homecraft,No
HORSE DRAWN VEHICLE OWNER,Homecraft Other,No
HORSE DRAWN VEHICLE OWNER,Homecraft Candlemaking *Historic*,No
INSULATION INSTALLER,Contractor - Special Trades Insulation,No
LAUNDRY,Laundry Depot,Yes
LAUNDRY,Laundry (w/equipment),Yes
LAUNDRY,Laundry-Coin Operated Services,Yes
LIMOUSINE SERVICE COMPANY,Office Development Company,No
LIMOUSINE SERVICE COMPANY,Office Design Company,No
LIMOUSINE SERVICE COMPANY,Office Management Company,No
LIMOUSINE SERVICE COMPANY,Office Insurance Company,No
LIMOUSINE SERVICE COMPANY,Production Company Other,No
LIMOUSINE SERVICE COMPANY,Office Mortgage Company,No
LIMOUSINE SERVICE COMPANY,Financial Services Investment Company,No
LIMOUSINE SERVICE COMPANY,Computer Services Design Company,No
LIMOUSINE SERVICE COMPANY,Financial Services Trust Company,No
LIMOUSINE SERVICE COMPANY,Financial Services Mortgage Company,No
LIMOUSINE SERVICE COMPANY,Manufacturer Design Company,No
LIMOUSINE SERVICE COMPANY,Production Company Video Production,No
LIMOUSINE SERVICE COMPANY,Production Company Music Production,No
LIMOUSINE SERVICE COMPANY,Production Company Film Production,No
LIMOUSINE SERVICE COMPANY,Business Services,No
LIMOUSINE SERVICE COMPANY,Financial Institution Trust Company,No
LIMOUSINE SERVICE COMPANY,Production Company TV Production,No
MASTER HEATING INSTALLER,Security Services Electronic Locking Device Installer,No
MASTER PLUMBER,Plumber,Yes
MASTER PLUMBER,Plumber & Gas Contractor,Yes
MASTER PLUMBER,Plumber & Gas Contractor Other,Yes
MASTER PLUMBER,Plumber & Sprinkler Contractor,Yes
MASTER PLUMBER,Plumber Sprinkler & Gas Contractor,Yes
MASTER PLUMBER,Plumber,Yes
MOBILE VENDING (FOOD TRUCK),Office Mobile Food Vendor *Historic*,Yes
MOBILE VENDING (FOOD TRUCK),Warehouse Operator - Food,No
MOBILE VENDING (FOOD TRUCK),Retail Dealer - Food Video Rental,No
MOBILE VENDING (FOOD TRUCK),Retail Dealer - Food,No
MOBILE VENDING (FOOD TRUCK),Retail Dealer - Food Other,No
MOBILE VENDING (FOOD TRUCK),Retail Dealer - Food Neighbourhood,No
MOBILE VENDING (FOOD TRUCK),Retail Dealer - Food Produce,No
MOBILE VENDING (FOOD TRUCK),Retail Dealer - Food Department Store,No
MOBILE VENDING (FOOD TRUCK),Retail Dealer - Food Books/Stationary,Yes
MOBILE VENDING (FOOD TRUCK),Caterer Catering Truck,No
MOBILE VENDING (FOOD TRUCK),Retail Dealer - Food Bakery,No
MOBILE VENDING (FOOD TRUCK),Retail Dealer - Food Convenience Store,No
MOBILE VENDING (FOOD TRUCK),Vending Machines Bank Machine,No
MOBILE VENDING (FOOD TRUCK),Wholesale Dealer - Food with Anc. Retail,No
MOBILE VENDING (FOOD TRUCK),Wholesale Dealer - Food with Anc. Retail Other,No
MOBILE VENDING (FOOD TRUCK),Retail Dealer - Food Small Pharmacy,No
MOBILE VENDING (FOOD TRUCK),Warehouse Operator - Food Broker,No
MOBILE VENDING (FOOD TRUCK),Wholesale Dealer - Food Produce,No
MOBILE VENDING (FOOD TRUCK),Retail Dealer - Food Computer Time Rental,No
MOBILE VENDING (FOOD TRUCK),Wholesale Dealer - Food,No
MOBILE VENDING (FOOD TRUCK),Wholesale Dealer - Food Other,No
MOBILE VENDING (FOOD TRUCK),Vending Machines Newspaper,No
MOBILE VENDING (FOOD TRUCK),CNIB Concession - Food,Yes
MOBILE VENDING (FOOD TRUCK),Vending Machines,No
MOBILE VENDING (FOOD TRUCK),Vending Machines Other,No
MOBILE VENDING (FOOD TRUCK),Manufacturer - Food with Anc. Retail,No
MOBILE VENDING (FOOD TRUCK),Food Processing,No
MOBILE VENDING (FOOD TRUCK),Retail Dealer - Food Pharmacy,Yes
MOBILE VENDING (FOOD TRUCK),Ltd Service Food Establishment Produce,No
MOBILE VENDING (FOOD TRUCK),Retail Dealer - Food Flowers,Yes
MOBILE VENDING (FOOD TRUCK),Ltd Service Food Establishment,Yes
MOBILE VENDING (FOOD TRUCK),Ltd Service Food Establishment Other,No
MOBILE VENDING (FOOD TRUCK),Retail Dealer - Food Gifts/Novelties,No
MOBILE VENDING (FOOD TRUCK),Retail Dealer - Food Confections,Yes
MOBILE VENDING (FOOD TRUCK),Ltd Service Food Establishment No Liquor Service,No
MOBILE VENDING (FOOD TRUCK),Manufacturer - Food,Yes
MOBILE VENDING (FOOD TRUCK),Manufacturer - Food Other,Yes
MOBILE VENDING (FOOD TRUCK),Retail Dealer - Food Vitamins/Health Food,No
MOBILE VENDING (FOOD TRUCK),Vending Machines Advertising Agent,No
MOBILE VENDING (FOOD TRUCK),Retail Dealer - Food Butcher/Seafood,Yes
MOBILE VENDING (FOOD TRUCK),Peddler - Food,Yes
MOBILE VENDING (FOOD TRUCK),Wholesale Dealer - Food Vitamins/Health Food,No
MOBILE VENDING (FOOD TRUCK),Ltd Service Food Establishment Concession Stand,No
MOBILE VENDING (FOOD TRUCK),Ltd Service Food Establishment Flowers,Yes
MOBILE VENDING (FOOD TRUCK),Liquor License Application Food Primary,Yes
MOBILE VENDING (FOOD TRUCK),Ltd Service Food Establishment Convenience Store,Yes
MOBILE VENDING (FOOD TRUCK),Wholesale Dealer - Food Butcher/Seafood,No
MOBILE VENDING (FOOD TRUCK),Homecraft,No
MOBILE VENDING (FOOD TRUCK),Homecraft Other,No
MOBILE VENDING (FOOD TRUCK),Manufacturer - Food with Anc. Retail Confections,No
MOBILE VENDING (FOOD TRUCK),Ltd Service Food Establishment Clothing/Shoes,No
MOBILE VENDING (FOOD TRUCK),Homecraft Candlemaking *Historic*,No
MOBILE VENDING (FOOD TRUCK),Ltd Service Food Establishment Beauty Salon,No
MOBILE VENDING (ICE CREAM TRUCK),Office Mobile Food Vendor *Historic*,Yes
MOBILE VENDING (ICE CREAM TRUCK),Vending Machines Bank Machine,No
MOBILE VENDING (ICE CREAM TRUCK),Homecraft,No
MOBILE VENDING (ICE CREAM TRUCK),Homecraft Other,No
MOBILE VENDING (ICE CREAM TRUCK),Vending Machines Newspaper,No
MOBILE VENDING (ICE CREAM TRUCK),Vending Machines Advertising Agent,No
MOBILE VENDING (ICE CREAM TRUCK),Caterer Catering Truck,Yes
MOTOR VEHICLE RACING,Horse Racing,Yes
MOTOR VEHICLE RACING,Lounge 'A' *Historic* Motor Vessel,No
MOTOR VEHICLE RACING,Exhibitions/Shows/Concerts Automobile/Motorcycle Racing,Yes
MOTOR VEHICLE RACING,Homecraft,No
MOTOR VEHICLE RACING,Homecraft Other,No
MOTORIZED REFRESHMENT VEHICLE OWNER,Homecraft,No
MOTORIZED REFRESHMENT VEHICLE OWNER,Homecraft Other,No
NON-MOTORIZED REFRESHMENT VEHICLE OWNER,Homecraft,No
NON-MOTORIZED REFRESHMENT VEHICLE OWNER,Homecraft Other,No
NON-MOTORIZED REFRESHMENT VEHICLE OWNER,Homecraft Candlemaking *Historic*,No
PAWN SHOP,Health and Beauty Barber Shop,No
PERMANENT FIREWORKS VENDOR,Office Mobile Food Vendor *Historic*,No
PERMANENT FIREWORKS VENDOR,Retail Dealer Kiosk - Permanent,No
PERMANENT FIREWORKS VENDOR,Office Street Vendor,No
PERMANENT FIREWORKS VENDOR,Secondary Suite - Permanent,No
PERMANENT FIREWORKS VENDOR,Secondary Suite - Permanent Other,No
PERSONAL SERVICES SETTINGS,Personal Services Candlemaking *Historic*,Yes
PERSONAL SERVICES SETTINGS,Personal Services Other,Yes
PERSONAL SERVICES SETTINGS,Personal Services Dying Service *Historic*,Yes
PERSONAL SERVICES SETTINGS,Personal Services Cleaning Service,No
PERSONAL SERVICES SETTINGS,Personal Services Shopping Service,No
PERSONAL SERVICES SETTINGS,Personal Services Decorating Service,Yes
PERSONAL SERVICES SETTINGS,Personal Services Mailing Service,Yes
PERSONAL SERVICES SETTINGS,Personal Services Recruiting Service,No
PERSONAL SERVICES SETTINGS,Personal Care Home,No
PERSONAL SERVICES SETTINGS,Personal Services Errand Service,Yes
PERSONAL SERVICES SETTINGS,Personal Services Monumental Works,Yes
PERSONAL SERVICES SETTINGS,Personal Services Project Management,No
PERSONAL SERVICES SETTINGS,Personal Services Process Server,No
PERSONAL SERVICES SETTINGS,Personal Services Pool Maintenance,No
PERSONAL SERVICES SETTINGS,Personal Services Accommodation Finding,No
PERSONAL SERVICES SETTINGS,Personal Services Art Restoration,No
PERSONAL SERVICES SETTINGS,Personal Services Packing/Packaging,No
PERSONAL SERVICES SETTINGS,Personal Services Pen-pal Service,Yes
PERSONAL SERVICES SETTINGS,Personal Services Window Tinting,Yes
PERSONAL SERVICES SETTINGS,Fitness Centre Personal Training Centre,Yes
PERSONAL SERVICES SETTINGS,Personal Services Inspection/Testing,Yes
PERSONAL SERVICES SETTINGS,Personal Services Shoe Shine,Yes
PERSONAL SERVICES SETTINGS,Personal Services Info/Research Service,Yes
PERSONAL SERVICES SETTINGS,Personal Services Freight Forwarding,No
PERSONAL SERVICES SETTINGS,Personal Services Furniture Refinishing,Yes
PERSONAL SERVICES SETTINGS,Personal Services Bicycle Registration,No
PERSONAL SERVICES SETTINGS,Personal Services Fabric Cutting/Protection,No
PERSONAL SERVICES SETTINGS,Personal Services Cook/Chef,No
PERSONAL SERVICES SETTINGS,Personal Services Key Cutting/Engraving,No
PERSONAL SERVICES SETTINGS,Personal Services Body Guard/Protection,No
PERSONAL SERVICES SETTINGS,Homecraft,No
PERSONAL SERVICES SETTINGS,Homecraft Other,No
PERSONAL SERVICES SETTINGS,Personal Services Interpreter/Translator,Yes
PERSONAL SERVICES SETTINGS,Personal Services Plant/Tree Maintenance,Yes
PERSONAL SERVICES SETTINGS,Homecraft Candlemaking *Historic*,No
PERSONAL SERVICES SETTINGS,Personal Services Tool Filer/Sharpener,No
PET SHOP,Pet Store,Yes
PET SHOP,Health and Beauty Barber Shop,No
PET SHOP,Auto Painter & Body Shop,No
PET SHOP,Homecraft,No
PET SHOP,Homecraft Other,No
PET SHOP,Homecraft Candlemaking *Historic*,No
PET SHOP,Business Services,No
PET SHOP,Retail Dealer - Food Department Store,No
PLACE OF AMUSEMENT,Amusement Park,Yes
PLACE OF AMUSEMENT,Homecraft,No
PLACE OF AMUSEMENT,Homecraft Other,No
PLACE OF AMUSEMENT,Homecraft Candlemaking *Historic*,No
PLACE OF AMUSEMENT,Entertainment Services 1-900 Service,Yes
PLUMBING CONTRACTOR,Plumber,Yes
PLUMBING CONTRACTOR,Electrical Contractor,No
PLUMBING CONTRACTOR,Electrical Contractor Other,No
PLUMBING CONTRACTOR,Contractor Masonry,No
PRECIOUS METAL SHOP,Sheet Metal Works,No
PRECIOUS METAL SHOP,Sheet Metal Works Other,No
PRECIOUS METAL SHOP,Manufacturer Metal Products,No
PRECIOUS METAL SHOP,Recycling Depot Scrap Metal Depot,No
PRECIOUS METAL SHOP,Manufacturer with Anc. Retail Metal Products,Yes
PRECIOUS METAL SHOP,Health and Beauty Barber Shop,No
PRECIOUS METAL SHOP,Auto Painter & Body Shop,No
PRECIOUS METAL SHOP,Homecraft,No
PRECIOUS METAL SHOP,Homecraft Other,No
PRECIOUS METAL SHOP,Homecraft Candlemaking *Historic*,No
PRIVATE PARKING ENFORCEMENT AGENCY,Model Agency,No
PRIVATE PARKING ENFORCEMENT AGENCY,Employment Agency Home Care,No
PRIVATE PARKING ENFORCEMENT AGENCY,Backyard Pay Parking,Yes
PRIVATE PARKING ENFORCEMENT AGENCY,School (Private) Business School,No
PRIVATE PARKING ENFORCEMENT AGENCY,School (Private),No
PRIVATE PARKING ENFORCEMENT AGENCY,Postal Rental Agency,No
PRIVATE PARKING ENFORCEMENT AGENCY,Postal Rental Agency Other,No
PRIVATE PARKING ENFORCEMENT AGENCY,Employment Agency,No
PRIVATE PARKING ENFORCEMENT AGENCY,Employment Agency Other,No
PRIVATE PARKING ENFORCEMENT AGENCY,Security Services Private Investigator,No
PRIVATE PARKING ENFORCEMENT AGENCY,Postal Rental Agency Duplicating,No
PRIVATE PARKING ENFORCEMENT AGENCY,Private Hospital,No
PRIVATE PARKING ENFORCEMENT AGENCY,Auto Parking Lot/Parkade,Yes
PRIVATE PARKING ENFORCEMENT AGENCY,Talent Agency,No
PRIVATE PARKING ENFORCEMENT AGENCY,Talent Agency Other,No
PRIVATE PARKING ENFORCEMENT AGENCY,Booking Agency,No
PRIVATE PARKING ENFORCEMENT AGENCY,Office Valet Parking Service,No
PRIVATE PARKING ENFORCEMENT AGENCY,Homecraft,No
PRIVATE PARKING ENFORCEMENT AGENCY,Homecraft Other,No
PRIVATE TRANSPORTATION COMPANY,Office Development Company,Yes
PRIVATE TRANSPORTATION COMPANY,Office Management Company,No
PRIVATE TRANSPORTATION COMPANY,School (Private),No
PRIVATE TRANSPORTATION COMPANY,Financial Services Investment Company,No
PRIVATE TRANSPORTATION COMPANY,School (Private) Business School,No
PRIVATE TRANSPORTATION COMPANY,Office Design Company,No
PRIVATE TRANSPORTATION COMPANY,Financial Services Trust Company,No
PRIVATE TRANSPORTATION COMPANY,Computer Services Design Company,No
PRIVATE TRANSPORTATION COMPANY,Office Insurance Company,No
PRIVATE TRANSPORTATION COMPANY,Private Hospital,No
PRIVATE TRANSPORTATION COMPANY,Production Company Other,No
PRIVATE TRANSPORTATION COMPANY,Animal Services Animal Transportation,Yes
PRIVATE TRANSPORTATION COMPANY,Security Services Private Investigator,No
PRIVATE TRANSPORTATION COMPANY,Financial Services Mortgage Company,No
PRIVATE TRANSPORTATION COMPANY,Manufacturer Design Company,No
PRIVATE TRANSPORTATION COMPANY,Financial Institution Trust Company,Yes
PRIVATE TRANSPORTATION COMPANY,Office Mortgage Company,No
PRIVATE TRANSPORTATION COMPANY,Production Company Video Production,No
PRIVATE TRANSPORTATION COMPANY,Business Services,No
PRIVATE TRANSPORTATION COMPANY,Production Company Music Production,No
PRIVATE TRANSPORTATION COMPANY,Production Company Film Production,No
PRIVATE TRANSPORTATION COMPANY,Homecraft,No
PRIVATE TRANSPORTATION COMPANY,Homecraft Other,No
PRIVATE TRANSPORTATION COMPANY,Public Market - Daily,No
PRIVATE TRANSPORTATION COMPANY,Production Company TV Production,No
PRIVATE TRANSPORTATION COMPANY,Public House *Historic*,No
PRIVATE TRANSPORTATION COMPANY,Homecraft Candlemaking *Historic*,No
PRIVATE TRANSPORTATION COMPANY,Liquor Establishment Extended Class 7 (Private Club),No
PRIVATE TRANSPORTATION COMPANY,Moving/Transfer Service Transport,Yes
PRIVATE TRANSPORTATION COMPANY,Liquor Establishment Standard Class 7 (Private Club),No
PRIVATE TRANSPORTATION COMPANY,School (Business & Trade) Business School,No
PRIVATE TRANSPORTATION COMPANY,Office Public Bike Share,No
PRIVATE TRANSPORTATION COMPANY,Public Market Operator-Annual,No
PRIVATE TRANSPORTATION COMPANY,Personal Services Project Management,No
PRIVATE TRANSPORTATION COMPANY,School (Business & Trade),No
PRIVATE TRANSPORTATION COMPANY,Health Services Denturist,No
PRIVATE TRANSPORTATION COMPANY,Residential/Commercial,No
PRIVATE TRANSPORTATION COMPANY,Office Property Management,No
PRIVATE TRANSPORTATION COMPANY,Property Management *Historic*,No
PRIVATE TRANSPORTATION COMPANY,Personal Services Candlemaking *Historic*,No
PRIVATE TRANSPORTATION COMPANY,Personal Care Home,No
PRIVATE TRANSPORTATION COMPANY,Office Project Management,No
PRIVATE TRANSPORTATION COMPANY,Contractor Building,No
PRIVATE TRANSPORTATION COMPANY,Health Services First Aid Service,No
PRIVATE TRANSPORTATION COMPANY,Model Agency,No
PRIVATE TRANSPORTATION COMPANY,Retail Dealer Residential Building,No
PRIVATE TRANSPORTATION COMPANY,Retail Dealer Administration,No
PRIVATE TRANSPORTATION COMPANY,Instruction Business Instruction,No
PRIVATE TRANSPORTATION COMPANY,One-Family Dwelling,No
PRIVATE TRANSPORTATION COMPANY,Community Association Administration,No
PRIVATE TRANSPORTATION COMPANY,Health Services Home Care,No
PRIVATE TRANSPORTATION COMPANY,Employment Agency Home Care,No
PRIVATE TRANSPORTATION COMPANY,Office Administration,No
PRIVATE TRANSPORTATION COMPANY,School (Business & Trade) Trade School,No
PRIVATE TRANSPORTATION COMPANY,Health Services Counselling,No
PRIVATE TRANSPORTATION COMPANY,Health Services Other,No
PRIVATE TRANSPORTATION COMPANY,Health Services,No
PRIVATE TRANSPORTATION COMPANY,Retail Dealer - Food Computer Time Rental,No
PRIVATE TRANSPORTATION COMPANY,Health Services Health Care Facility,No
PRIVATE TRANSPORTATION COMPANY,Financial Services Bank,No
PRIVATE TRANSPORTATION COMPANY,Retail Dealer - Food,No
PRIVATE TRANSPORTATION COMPANY,Retail Dealer - Food Other,No
PRIVATE TRANSPORTATION COMPANY,Retail Dealer - Food Neighbourhood,No
PRIVATE TRANSPORTATION COMPANY,Community Association,No
PRIVATE TRANSPORTATION COMPANY,Community Association Other,No
PRIVATE TRANSPORTATION COMPANY,Retail Dealer - Food Produce,No
PRIVATE TRANSPORTATION COMPANY,Financial Services Other,No
PRIVATE TRANSPORTATION COMPANY,Retail Dealer - Food Department Store,No
PRIVATE TRANSPORTATION COMPANY,Manufacturer - Food with Anc. Retail,No
PRIVATE TRANSPORTATION COMPANY,Office Mobile Food Vendor *Historic*,No
PRIVATE TRANSPORTATION COMPANY,Retail Dealer - Food Small Pharmacy,No
PRIVATE TRANSPORTATION COMPANY,Financial Institution Bank,No
PRIVATE TRANSPORTATION COMPANY,Retail Dealer,No
PRIVATE TRANSPORTATION COMPANY,Retail Dealer Other,No
PRIVATE TRANSPORTATION COMPANY,One-Family Dwelling Primary (1 Rental),No
PRIVATE TRANSPORTATION COMPANY,Personal Services Monumental Works,No
PRIVATE TRANSPORTATION COMPANY,Retail Dealer Class 1,No
PRIVATE TRANSPORTATION COMPANY,Financial Services Money Sending Service,No
PRIVATE TRANSPORTATION COMPANY,Financial Services Real Estate Development/Investment,No
PRIVATE TRANSPORTATION COMPANY,Pre-1956 Dwelling One Family,No
PRIVATE TRANSPORTATION COMPANY,Personal Services Other,No
PRIVATE TRANSPORTATION COMPANY,Personal Services Freight Forwarding,Yes
PRIVATE TRANSPORTATION COMPANY,Marine Services Marine Transport,No
PRIVATE TRANSPORTATION COMPANY,Retail Dealer Department Store,No
PRIVATE TRANSPORTATION COMPANY,Personal Services Accommodation Finding,No
PRIVATE TRANSPORTATION COMPANY,Personal Services Pool Maintenance,No
PRIVATE TRANSPORTATION COMPANY,Family Sports & Entertain Ctr,No
PUBLIC GARAGE,Public House *Historic*,No
PUBLIC GARAGE,Office Public Bike Share,No
PUBLIC GARAGE,Office Notary Public,No
PUBLIC GARAGE,Public Market - Daily,No
PUBLIC GARAGE,Homecraft,No
PUBLIC GARAGE,Homecraft Other,No
PUBLIC GARAGE,Public Market Operator-Annual,No
PUBLIC GARAGE,Liquor License Application Neighbourhood Public House,No
PUBLIC GARAGE,Liquor License Application Public House,No
PUBLIC GARAGE,School (Private),No
PUBLIC GARAGE,Homecraft Candlemaking *Historic*,No
PUBLIC GARAGE,Contractor Building,No
PUBLIC GARAGE,Private Hospital,No
PUBLIC GARAGE,Liquor License Application Marine Public House,No
PUBLIC GARAGE,School (Private) Business School,No
PUBLIC GARAGE,Personal Services Candlemaking *Historic*,No
PUBLIC GARAGE,Health Services Denturist,No
PUBLIC GARAGE,Business Services,No
PUBLIC GARAGE,One-Family Dwelling,No
PUBLIC GARAGE,Office Property Management,No
PUBLIC GARAGE,Property Management *Historic*,No
PUBLIC GARAGE,Health Services Home Care,No
PUBLIC GARAGE,Personal Care Home,No
PUBLIC GARAGE,Pre-1956 Dwelling One Family,No
PUBLIC GARAGE,Office Management Company,No
PUBLIC GARAGE,One-Family Dwelling Primary (1 Rental),No
PUBLIC GARAGE,Residential/Commercial,No
PUBLIC HALL,Public House *Historic*,Yes
PUBLIC HALL,Assembly Hall,Yes
PUBLIC HALL,Dance Hall,No
PUBLIC HALL,Venue Concert Hall,Yes
PUBLIC HALL,Office Notary Public,No
PUBLIC HALL,Bingo Hall,No
PUBLIC HALL,Public Market - Daily,Yes
PUBLIC HALL,Stadium/Concert Hall *Historic*,Yes
PUBLIC HALL,Office Public Bike Share,No
PUBLIC HALL,School (Private),No
PUBLIC HALL,Homecraft,No
PUBLIC HALL,Homecraft Other,No
PUBLIC HALL,Public Market Operator-Annual,No
PUBLIC HALL,Contractor Building,No
PUBLIC HALL,School (Private) Business School,No
PUBLIC HALL,Liquor License Application Neighbourhood Public House,No
PUBLIC HALL,Liquor License Application Public House,No
PUBLIC HALL,Homecraft Candlemaking *Historic*,No
PUBLIC HALL,Private Hospital,No
PUBLIC HALL,Liquor License Application Marine Public House,No
PUBLIC HALL,Liquor License Application Stadium/ Concert Hall,No
PUBLIC HALL,Personal Services Candlemaking *Historic*,No
PUBLIC HALL,Community Association Administration,No
PUBLIC HALL,Business Services,No
PUBLIC HALL,Community Association,No
PUBLIC HALL,Community Association Other,No
PUBLIC HALL,Office Administration,No
PUBLIC HALL,Health Services Denturist,No
RETAIL STORE (FOOD),Retail Dealer - Food Department Store,Yes
RETAIL STORE (FOOD),Retail Dealer - Food Convenience Store,Yes
RETAIL STORE (FOOD),Retail Dealer - Food Pharmacy,Yes
RETAIL STORE (FOOD),Retail Dealer - Food Bakery,Yes
RETAIL STORE (FOOD),Retail Dealer - Food,Yes
RETAIL STORE (FOOD),Retail Dealer - Food Other,Yes
RETAIL STORE (FOOD),Retail Dealer - Food Neighbourhood,Yes
RETAIL STORE (FOOD),Retail Dealer Department Store,Yes
RETAIL STORE (FOOD),Retail Dealer - Food Produce,Yes
RETAIL STORE (FOOD),Liquor Retail Store,No
RETAIL STORE (FOOD),Retail Dealer - Food Confections,Yes
RETAIL STORE (FOOD),Retail Dealer - Food Flowers,Yes
RETAIL STORE (FOOD),Retail Dealer - Food Small Pharmacy,Yes
RETAIL STORE (FOOD),Wholesale Dealer - Food with Anc. Retail,Yes
RETAIL STORE (FOOD),Wholesale Dealer - Food with Anc. Retail Other,Yes
RETAIL STORE (FOOD),Liquor Retail Store Beer Only,No
RETAIL STORE (FOOD),Liquor Retail Store Full Service,No
RETAIL STORE (FOOD),Liquor Retail Store Wine,No
RETAIL STORE (FOOD),Retail Dealer - Food Video Rental,Yes
RETAIL STORE (FOOD),Retail Dealer - Food Books/Stationary,Yes
RETAIL STORE (FOOD),Retail Dealer - Food Butcher/Seafood,Yes
RETAIL STORE (FOOD),Retail Dealer - Food Gifts/Novelties,Yes
RETAIL STORE (FOOD),Retail Dealer - Food Vitamins/Health Food,Yes
RETAIL STORE (FOOD),Manufacturer - Food with Anc. Retail,Yes
RETAIL STORE (FOOD),Liquor Retail Store Brewery,No
RETAIL STORE (FOOD),Retail Dealer - Grocery,Yes
RETAIL STORE (FOOD),Retail Dealer - Grocery Other,Yes
RETAIL STORE (FOOD),Wholesale Dealer - Food,Yes
RETAIL STORE (FOOD),Wholesale Dealer - Food Other,Yes
RETAIL STORE (FOOD),Wholesale Dealer - Food Produce,Yes
RETAIL STORE (FOOD),Retail Dealer - Food Computer Time Rental,Yes
RETAIL STORE (FOOD),Retail Dealer,Yes
RETAIL STORE (FOOD),Retail Dealer Other,Yes
RETAIL STORE (FOOD),Liquor Retail Store Specialty Wine,No
RETAIL STORE (FOOD),Liquor Retail Store Beer & Wine,No
RETAIL STORE (FOOD),Warehouse Operator - Food,No
RETAIL STORE (FOOD),Ltd Service Food Establishment Convenience Store,Yes
RETAIL STORE (FOOD),Pet Store,No
RETAIL STORE (FOOD),Retail Dealer Electronics,Yes
RETAIL STORE (FOOD),Specialty Wine Store *Historic*,No
RETAIL STORE (FOOD),Retail Dealer Pharmacy,Yes
RETAIL STORE (FOOD),Adult Entertainment Store,No
RETAIL STORE (FOOD),Retail Dealer Kiosk - Temporary,Yes
RETAIL STORE (FOOD),Retail Dealer Administration,Yes
RETAIL STORE (FOOD),Office Mobile Food Vendor *Historic*,Yes
RETAIL STORE (FOOD),Retail Dealer Kiosk - Permanent,Yes
RETAIL STORE (FOOD),Manufacturer - Food with Anc. Retail Confections,No
RETAIL STORE (FOOD),Retail Dealer Clothing/Shoes,No
RETAIL STORE (FOOD),Retail Dealer Furnishings,No
RETAIL STORE (FOOD),Retail Dealer Residential Building,No
RETAIL STORE (FOOD),Retail with Anc. Secondhand *Historic*,No
RETAIL STORE (FOOD),Retail Dealer Class 1,Yes
RETAIL STORE (FOOD),Retail Dealer Equipment Rental,No
RETAIL STORE (FOOD),Retail Dealer Art Gallery,Yes
RETAIL STORE (FOOD),Retail Dealer Books/Stationary,Yes
RETAIL STORE (FOOD),Retail Dealer Video Rental,Yes
RETAIL STORE (FOOD),Wholesale Dealer - Food Vitamins/Health Food,Yes
RETAIL STORE (FOOD),Retail Dealer Wood Products,No
RETAIL STORE (FOOD),Retail Dealer Flowers,No
RETAIL STORE (FOOD),Retail Dealer Confections,Yes
RETAIL STORE (FOOD),Retail Dealer Gifts/Novelties,No
RETAIL STORE (FOOD),CNIB Concession - Food,Yes
RETAIL STORE (FOOD),Retail Dealer Duplicating,Yes
RETAIL STORE (FOOD),Food Processing,No
RETAIL STORE (FOOD),Retail Dealer Antique Dealer,Yes
RETAIL STORE (FOOD),Manufacturer - Food,No
RETAIL STORE (FOOD),Manufacturer - Food Other,No
RETAIL STORE (FOOD),Manufacturer with Anc. Retail,No
RETAIL STORE (FOOD),Manufacturer with Anc. Retail Other,No
RETAIL STORE (FOOD),Ltd Service Food Establishment,Yes
RETAIL STORE (FOOD),Ltd Service Food Establishment Other,Yes
RETAIL STORE (FOOD),Retail Dealer Hardware/Garden Supplies,No
RETAIL STORE (FOOD),Wholesale Dealer - Food Butcher/Seafood,Yes
RETAIL STORE (FOOD),Warehouse Operator - Food Broker,No
RETAIL STORE (FOOD),Peddler - Food,No
RETAIL STORE (FOOD),Security Services Retail Alarms,No
RETAIL STORE (FOOD),Secondhand Dealer Class 5 (Retail),No
RETAIL STORE (FOOD),Specialty Wine Store *Historic* VQA Wine,No
RETAIL STORE (FOOD),Secondhand Dealer Class 4 (Retail),No
RETAIL STORE (FOOD),Secondhand Dealer Class 2 (Retail),No
RETAIL STORE (FOOD),Secondhand Dealer Class 6 (Retail),Yes
RETAIL STORE (FOOD),Retail Dealer Adult Video Rental,No
RETAIL STORE (FOOD),Retail Dealer Currency Exchange,No
RETAIL STORE (FOOD),Wholesale Dealer w/ Anc. Retail,No
RETAIL STORE (FOOD),Retail Dealer Shipping Agent,No
RETAIL STORE (FOOD),Ltd Service Food Establishment Produce,No
RETAIL STORE (FOOD),Retail Dealer Alterations & Repairs,No
RETAIL STORE (FOOD),Specialized Services Retail - Compassion Club,No
RETAIL STORE (FOOD),Ltd Service Food Establishment No Liquor Service,Yes
RETAIL STORE (FOOD),Retail Dealer Sports & Leisure Equipment,Yes
RETAIL STORE (FOOD),Retail Dealer Interior Design/Decorator,Yes
RETAIL STORE (FOOD),Ltd Service Food Establishment Beauty Salon,No
RETAIL STORE (FOOD),Ltd Service Food Establishment Clothing/Shoes,No
RETAIL STORE (FOOD),Homecraft,No
RETAIL STORE (FOOD),Homecraft Other,No
RETAIL STORE (FOOD),Ltd Service Food Establishment Flowers,Yes
RETAIL STORE (FOOD),Ltd Service Food Establishment Concession Stand,No
RETAIL STORE (FOOD),Manufacturer with Anc. Retail Metal Products,No
RETAIL STORE (FOOD),Manufacturer with Anc. Retail Wood Products,No
RETAIL STORE (FOOD),Business Services,No
RETAIL STORE (FOOD),Liquor License Application Food Primary,Yes
RETAIL STORE (FOOD),Retail Dealer - Market Outlet > 50000 sq ft,Yes
RETAIL STORE (FOOD),Retail Dealer - Market Outlet > 50,Yes
RETAIL STORE (FOOD),Homecraft Candlemaking *Historic*,No
RETAIL STORE (FOOD),Wholesale Dealer,Yes
RETAIL STORE (FOOD),Wholesale Dealer Other,Yes
RETAIL STORE (FOOD),Herbalist *Historic* Vitamins/Health Food,No
RETAIL STORE (FOOD),Wholesale Dealer Electronics,No
SECOND HAND DEALER,Homecraft,No
SECOND HAND DEALER,Homecraft Other,No
SECOND HAND DEALER,Homecraft Candlemaking *Historic*,No
SECOND HAND DEALER,Health Services First Aid Service,No
SECOND HAND DEALER,Personal Services Candlemaking *Historic*,No
SECOND HAND DEALER,Business Services,No
SECOND HAND DEALER,Pre-1956 Dwelling One Family,No
SECOND HAND DEALER,One-Family Dwelling,No
SECOND HAND DEALER,Office Pre-press,No
SECOND HAND DEALER,Retail Dealer Class 1,No
SECOND HAND DEALER,Personal Care Home,No
SECOND HAND DEALER,Office Management Company,No
SECOND HAND DEALER,Personal Services Other,No
SECOND HAND DEALER,Public House *Historic*,No
SECOND HAND DEALER,One-Family Dwelling Primary (1 Rental),No
SECOND HAND DEALER,Late Night Dance Event Less than 350 persons,No
SECOND HAND DEALER,Entertainment Services 1-900 Service,No
SECOND HAND DEALER,Secondhand Dealer Class 1,Yes
SECOND HAND DEALER,Secondhand Dealer Class 3,Yes
SECOND HAND DEALER,Late Night Dance Event 350 to 750 persons,No
SECOND HAND DEALER,Late Night Dance Event 2000 or more persons,No
SECOND HAND DEALER,Late Night Dance Event 750 to 2000 persons,No
SECOND HAND DEALER,Office Development Company,No
SECOND HAND DEALER,Contractor Building,No
SECOND HAND DEALER,Late Night Dance Event Concert: 500-1000 people,No
SECOND HAND DEALER,Late Night Dance Event Concert: 2000+ people,No
SECOND HAND DEALER,Personal Services Dying Service *Historic*,No
SECOND HAND DEALER,Restaurant Class 1,No
SECOND HAND DEALER,ESL Instruction ESL Instruction - 18 and Over,No
SECOND HAND DEALER,ESL Instruction ESL Instruction - Under 18,No
SECOND HAND DEALER,Restaurant Class 2,No
SECOND HAND DEALER,Personal Services Monumental Works,No
SECOND HAND DEALER,Office Design Company,No
SECOND HAND DEALER,Personal Services Project Management,No
SECOND HAND DEALER,Health Services Home Care,No
SECOND HAND DEALER,School (Private) Business School,No
SECOND HAND DEALER,Secondhand Dealer Class 2 (Retail),No
SECOND HAND DEALER,Money Services Money Sending Service,No
SECOND HAND DEALER,Financial Services Trust Company,No
SECOND HAND DEALER,Secondhand Dealer Class 4 (Retail),No
SECOND HAND DEALER,School (Private),No
SECOND HAND DEALER,Secondhand Dealer Class 5 (Retail),Yes
SECOND HAND DEALER,Family Sports & Entertain Ctr,No
SECOND HAND DEALER,Health Services Denturist,No
SECOND HAND DEALER,Computer Services Design Company,No
SECOND HAND DEALER,Liquor Establishment Extended Class 7 (Private Club),No
SECOND HAND DEALER,Financial Services Money Sending Service,No
SECOND HAND DEALER,Office Project Management,No
SECOND HAND DEALER,Secondhand Dealer Class 6 (Retail),Yes
SECOND HAND DEALER,Retail Dealer - Food Computer Time Rental,No
SECOND HAND DEALER,Financial Services Bank Machine,No
SECOND HAND DEALER,School (Business & Trade) Business School,No
SECOND HAND DEALER,Instruction ESL Instruction - 18 and Over,No
SECOND HAND DEALER,Instruction ESL Instruction - Under 18,No
SECOND HAND DEALER,Liquor Establishment Standard Class 7 (Private Club),No
SECOND HAND DEALER,Instruction Business Instruction,No
SECOND HAND DEALER,Office Desk-top Publishing,No
SECOND HAND DEALER,Public Market - Daily,No
SECOND HAND DEALER,Office Property Management,No
SECOND HAND DEALER,Property Management *Historic*,No
SECOND HAND DEALER,Moving/Transfer Service,No
SECOND HAND DEALER,Moving/Transfer Service Other,No
SECOND HAND SALVAGE SHOP,Homecraft,No
SECOND HAND SALVAGE SHOP,Homecraft Other,No
SECOND HAND SALVAGE SHOP,Auto Painter & Body Shop,No
SECOND HAND SALVAGE SHOP,Homecraft Candlemaking *Historic*,No
SECOND HAND SALVAGE SHOP,Health and Beauty Barber Shop,No
SECOND HAND SALVAGE SHOP,Health Services First Aid Service,No
SECOND HAND SALVAGE SHOP,Business Services,No
SECOND HAND SALVAGE SHOP,Restaurant Class 2,No
SECOND HAND SALVAGE SHOP,Restaurant Class 1,No
SECOND HAND SALVAGE SHOP,Personal Services Candlemaking *Historic*,No
SECOND HAND SALVAGE SHOP,One-Family Dwelling,No
SECOND HAND SALVAGE SHOP,Pre-1956 Dwelling One Family,No
SECOND HAND SALVAGE YARD,Homecraft,No
SECOND HAND SALVAGE YARD,Homecraft Other,No
SECOND HAND SALVAGE YARD,Lumber Yard,No
SECOND HAND SALVAGE YARD,Homecraft Candlemaking *Historic*,No
SECOND HAND SHOP,Homecraft,No
SECOND HAND SHOP,Homecraft Other,No
SECOND HAND SHOP,Homecraft Candlemaking *Historic*,No
SECOND HAND SHOP,Health and Beauty Barber Shop,No
SECOND HAND SHOP,Auto Painter & Body Shop,No
SECOND HAND SHOP,Health Services First Aid Service,No
SECOND HAND SHOP,Restaurant Class 1,No
SECOND HAND SHOP,Restaurant Class 2,No
SECOND HAND SHOP,Business Services,No
SECOND HAND SHOP,Retail Dealer Class 1,No
SECOND HAND SHOP,Secondhand Dealer Class 1,Yes
SECOND HAND SHOP,Secondhand Dealer Class 3,Yes
SECOND HAND SHOP,Retail Dealer Department Store,Yes
SECOND HAND SHOP,Personal Services Candlemaking *Historic*,No
SECOND HAND SHOP,Public House *Historic*,No
SECOND HAND SHOP,Liquor Retail Store Full Service,No
SECOND HAND SHOP,Adult Entertainment Store,No
SECOND HAND SHOP,Retail Dealer - Food Department Store,No
SECOND HAND SHOP,Secondhand Dealer Class 2 (Retail),Yes
SECOND HAND SHOP,Secondhand Dealer Class 4 (Retail),Yes
SECOND HAND SHOP,One-Family Dwelling,No
SECOND HAND SHOP,Secondhand Dealer Class 5 (Retail),Yes
SECOND HAND SHOP,Pre-1956 Dwelling One Family,No
SECOND HAND SHOP,Office Management Company,No
SECOND HAND SHOP,Secondhand Dealer Class 6 (Retail),Yes
SECOND HAND SHOP,Office Development Company,No
SECOND HAND SHOP,Personal Care Home,No
SECOND HAND SHOP,One-Family Dwelling Primary (1 Rental),No
SECOND HAND SHOP,Restaurant Class 1 No Liquor Service,No
SECOND HAND SHOP,Restaurant Class 1 With Liquor Service,No
SECOND HAND SHOP,Restaurant Class 2 With Liquor Service,No
SECOND HAND SHOP,Restaurant Class 2 No Liquor Service,No
SECOND HAND SHOP,Personal Services Shopping Service,No
SECOND HAND SHOP,Contractor Building,No
SECOND HAND SHOP,School (Private) Business School,No
SECOND HAND SHOP,Personal Services Monumental Works,No
SECOND HAND SHOP,Restaurant Class 1 & Karaoke *Historic*,No
SECOND HAND SHOP,Retail Dealer - Food Computer Time Rental,No
SECOND HAND SHOP,School (Business & Trade) Business School,No
SECOND HAND SHOP,Specialty Wine Store *Historic*,No
SECOND HAND SHOP,Office Design Company,No
SECOND HAND SHOP,Late Night Dance Event Less than 350 persons,No
SECOND HAND SHOP,Liquor Establishment Extended Class 7 (Private Club),No
SIDEWALK VENDING,Vending Machines,Yes
SIDEWALK VENDING,Vending Machines Other,Yes
SIDEWALK VENDING,Vending Machines Newspaper,Yes
SIDEWALK VENDING,Office Street Vendor,Yes
SIDEWALK VENDING,Vending Machines Bank Machine,Yes
SIDEWALK VENDING,Vending Machines Advertising Agent,No
SMOKE SHOP,Health and Beauty Barber Shop,No
SWIMMING POOL,Personal Services Pool Maintenance,No
SWIMMING POOL,Homecraft,No
SWIMMING POOL,Homecraft Other,No
TAXICAB BROKER,Office Broker,No
TAXICAB BROKER,Warehouse Operator - Food Broker,No
TEMPORARY FIREWORKS VENDOR (OVER 25 KG),Office Mobile Food Vendor *Historic*,No
TEMPORARY FIREWORKS VENDOR (OVER 25 KG),Office Street Vendor,No
TEMPORARY FIREWORKS VENDOR (UNDER 25 KG),Office Mobile Food Vendor *Historic*,No
TEMPORARY FIREWORKS VENDOR (UNDER 25 KG),Office Street Vendor,Yes
TEMPORARY LEASE FIREWORKS VENDOR,Office Street Vendor,No
TEMPORARY LEASE FIREWORKS VENDOR,Office Mobile Food Vendor *Historic*,No
TEMPORARY LEASE FIREWORKS VENDOR,Apartment House-99 Year Lease,No
TEMPORARY MOBILE FIREWORKS VENDOR,Office Mobile Food Vendor *Historic*,No
TEMPORARY MOBILE FIREWORKS VENDOR,Office Street Vendor,No
TEMPORARY SIGN - A-FRAME,Sign Permit *Historic*,Yes
TEMPORARY SIGN - A-FRAME,Office Sign Writer,No
TEMPORARY SIGN - A-FRAME,Homecraft,No
TEMPORARY SIGN - A-FRAME,Homecraft Other,No
TEMPORARY SIGN - A-FRAME,Homecraft Candlemaking *Historic*,No
TEMPORARY SIGN - A-FRAME,Electrical Contractor Signs,No
TEMPORARY SIGN - A-FRAME,Manufacturer Signs,No
TEMPORARY SIGN - A-FRAME,Contractor Building,No
TEMPORARY SIGN - GROUND-MOUNTED,Sign Permit *Historic*,Yes
TEMPORARY SIGN - GROUND-MOUNTED,Office Sign Writer,No
TEMPORARY SIGN - GROUND-MOUNTED,Homecraft,No
TEMPORARY SIGN - GROUND-MOUNTED,Homecraft Other,No
TEMPORARY SIGN - GROUND-MOUNTED,Homecraft Candlemaking *Historic*,No
TEMPORARY SIGN - MOBILE,Sign Permit *Historic*,Yes
TEMPORARY SIGN - MOBILE,Office Sign Writer,No
TEMPORARY SIGN - MOBILE,Office Mobile Food Vendor *Historic*,Yes
TEMPORARY SIGN - MOBILE,Homecraft,No
TEMPORARY SIGN - MOBILE,Homecraft Other,No
TEMPORARY SIGN - MOBILE,Homecraft Candlemaking *Historic*,No
TEMPORARY SIGN - MOBILE,Electrical Contractor Signs,No
TEMPORARY SIGN - MOBILE,Manufacturer Signs,No
TEMPORARY SIGN - MOBILE,Business Services,No
TEMPORARY SIGN - MOBILE,Contractor Building,No
TEMPORARY SIGN - NEW DEVELOPMENT,Office Development Company,Yes
TEMPORARY SIGN - NEW DEVELOPMENT,Sign Permit *Historic*,Yes
TEMPORARY SIGN - NEW DEVELOPMENT,Office Sign Writer,Yes
TEMPORARY SIGN - NEW DEVELOPMENT,Office Real Estate Development/Investment,Yes
TEMPORARY SIGN - NEW DEVELOPMENT,Homecraft,No
TEMPORARY SIGN - NEW DEVELOPMENT,Homecraft Other,No
TEMPORARY SIGN - NEW DEVELOPMENT,Financial Services Real Estate Development/Investment,No
TEMPORARY SIGN - NEW DEVELOPMENT,Homecraft Candlemaking *Historic*,No
TEMPORARY SIGN - NEW DEVELOPMENT,Contractor Building,No
TEMPORARY SIGN - NEW DEVELOPMENT,Business Services,No
TEMPORARY SIGN - NEW DEVELOPMENT,Personal Services Project Management,No
TEMPORARY SIGN - NEW DEVELOPMENT,Office Project Management,Yes
TEMPORARY SIGN - NEW DEVELOPMENT,Office Management Company,No
TEMPORARY SIGN - NEW DEVELOPMENT,Office Design Company,No
TEMPORARY SIGN - NEW DEVELOPMENT,Contractor - Special Trades Signs,Yes
TEMPORARY SIGN - NEW DEVELOPMENT,Financial Services Investment Company,No
TEMPORARY SIGN - NEW DEVELOPMENT,Computer Services Design Company,No
TEMPORARY SIGN - NEW DEVELOPMENT,School (Business & Trade) Business School,No
TEMPORARY SIGN - NEW DEVELOPMENT,Production Company Other,Yes
TEMPORARY SIGN - NEW DEVELOPMENT,School (Business & Trade),Yes
TEMPORARY SIGN - NEW DEVELOPMENT,Retail Dealer Residential Building,Yes
TEMPORARY SIGN - NEW DEVELOPMENT,Office Property Management,Yes
TEMPORARY SIGN - NEW DEVELOPMENT,Property Management *Historic*,Yes
TEMPORARY SIGN - NEW DEVELOPMENT,Health Services First Aid Service,No
TEMPORARY SIGN - NEW DEVELOPMENT,Residential/Commercial,No
TEMPORARY SIGN - NEW DEVELOPMENT,School (Private) Business School,No
TEMPORARY SIGN - NEW DEVELOPMENT,Pre-1956 Dwelling One Family,No
TEMPORARY SIGN - NEW DEVELOPMENT,Moving/Transfer Service,No
TEMPORARY SIGN - NEW DEVELOPMENT,Moving/Transfer Service Other,No
TEMPORARY SIGN - NEW DEVELOPMENT,Model Agency,No
TEMPORARY SIGN - NEW DEVELOPMENT,One-Family Dwelling,No
TEMPORARY SIGN - NEW DEVELOPMENT,Production Company Video Production,No
TEMPORARY SIGN - NEW DEVELOPMENT,Community Association Administration,No
TEMPORARY SIGN - NEW DEVELOPMENT,Retail Dealer Class 1,No
TEMPORARY SIGN - NEW DEVELOPMENT,Contractor - Special Trades Building,No
TEMPORARY SIGN - NEW DEVELOPMENT,Health Services Denturist,No
TEMPORARY SIGN - NEW DEVELOPMENT,Public House *Historic*,No
TEMPORARY SIGN - NEW DEVELOPMENT,Contractor - Special Trades Residential Building,No
TEMPORARY SIGN - NEW DEVELOPMENT,Special Beauty Culturist *Historic* Other,No
TEMPORARY SIGN - NEW DEVELOPMENT,Personal Services Candlemaking *Historic*,No
TEMPORARY SIGN - NEW DEVELOPMENT,Personal Services Monumental Works,No
TEMPORARY SIGN - NEW DEVELOPMENT,Moving/Transfer Service Delivery,No
TEMPORARY SIGN - NEW DEVELOPMENT,Computer Services Design,No
TEMPORARY SIGN - NEW DEVELOPMENT,Roofer Commercial Building,No
TEMPORARY SIGN - NEW DEVELOPMENT,Community Association,No
TEMPORARY SIGN - NEW DEVELOPMENT,Community Association Other,No
TEMPORARY SIGN - NEW DEVELOPMENT,Financial Services Trust Company,No
TEMPORARY SIGN - NEW DEVELOPMENT,Office Pre-press,No
TEMPORARY SIGN - NEW DEVELOPMENT,Health Services Home Care,No
TEMPORARY SIGN - NEW DEVELOPMENT,Production Company Music Production,No
TEMPORARY SIGN - NEW DEVELOPMENT,Personal Care Home,No
TEMPORARY SIGN - NEW DEVELOPMENT,One-Family Dwelling Primary (1 Rental),No
TEMPORARY SIGN - NEW DEVELOPMENT,Office Administration,No
TEMPORARY SIGN - NEW DEVELOPMENT,Production Company Film Production,No
TEMPORARY SIGN - NEW DEVELOPMENT,ESL Instruction ESL Instruction - 18 and Over,No
TEMPORARY SIGN - NEW DEVELOPMENT,ESL Instruction ESL Instruction - Under 18,No
TEMPORARY SIGN - NEW DEVELOPMENT,School (Business & Trade) Trade School,No
TEMPORARY SIGN - NEW DEVELOPMENT,Moving/Transfer Service Transport,No
TEMPORARY SIGN - NEW DEVELOPMENT,Liquor Establishment Standard Class 7 (Private Club),No
TEMPORARY SIGN - NEW DEVELOPMENT,Retail Dealer Administration,No
TEMPORARY SIGN - NEW DEVELOPMENT,School (Private),No
TEMPORARY SIGN - NEW DEVELOPMENT,Liquor Establishment Extended Class 7 (Private Club),No
TEMPORARY SIGN - NEW DEVELOPMENT,Electrical Contractor Signs,No
TEMPORARY SIGN - NEW DEVELOPMENT,Family Sports & Entertain Ctr,No
TEMPORARY SIGN - NEW DEVELOPMENT,Public Market - Daily,No
TEMPORARY SIGN - NEW DEVELOPMENT,Financial Services Money Sending Service,No
TEMPORARY SIGN - NEW DEVELOPMENT,Manufacturer Design Company,No
TEMPORARY SIGN - PORTABLE,Sign Permit *Historic*,Yes
TEMPORARY SIGN - PORTABLE,Office Sign Writer,Yes
TEMPORARY SIGN - PORTABLE,Homecraft,No
TEMPORARY SIGN - PORTABLE,Homecraft Other,No
TEMPORARY SIGN - PORTABLE,Electrical Contractor Signs,No
TEMPORARY SIGN - PORTABLE,Manufacturer Signs,Yes
TEMPORARY SIGN - PORTABLE,Homecraft Candlemaking *Historic*,No
TEMPORARY SIGN PROVIDER,Sign Permit *Historic*,Yes
TEMPORARY SIGN PROVIDER,Office Sign Writer,Yes
TEMPORARY SIGN PROVIDER,Manufacturer Signs,Yes
TEMPORARY SIGN PROVIDER,Homecraft,No
TEMPORARY SIGN PROVIDER,Homecraft Other,No
TOW TRUCK OWNER,Caterer Catering Truck,No
TOW TRUCK OWNER,Homecraft,No
TOW TRUCK OWNER,Homecraft Other,No
TOW TRUCK OWNER,Homecraft Candlemaking *Historic*,No
TOW TRUCK OWNER,Business Services,No
TRANSIENT TRADER,Transient Trader/Peddler-A,Yes
TRANSIENT TRADER,Transient Trader/Peddler-W,Yes
TRANSIENT TRADER,Transient Trader/Peddler-W Other,Yes
